Metric,Apriori,Word2Vec
Execution Time (s),105.66815280914307,5.435287714004517
Memory Usage (MB),57.61328125,3.78515625
Number of Rules/Recommendations,3004.0,38770.0
Coverage,0.057586618876941456,0.9264038231780167
Diversity,6.155737704918033,0.09736909981944802
Clustering Quality,0.5704284866950278,0.25901611436133926
