Metric,Apriori,Word2Vec
Execution Time (s),499.5883708000183,19.000312089920044
Memory Usage (MB),-293.640625,24.61328125
Number of Rules/Recommendations,3004.0,38770.0
Coverage,0.057586618876941456,0.9264038231780167
Diversity,6.155737704918033,0.09698220273407274
Clustering Quality,0.5704284866950278,0.2574600201008034
