Metric,Apriori,Word2Vec
Execution Time (s),88.24821090698242,5.346318960189819
Memory Usage (MB),87.703125,20.66796875
Number of Rules/Recommendations,3004.0,38770.0
Coverage,0.057586618876941456,0.9264038231780167
Diversity,6.155737704918033,0.09713696156822285
Clustering Quality,0.5703228884567376,0.25751878608642986
