Metric,Apriori,Word2Vec
Execution Time (s),75.68940544128418,7.171516418457031
Memory Usage (MB),12790.862233161926,14.963500022888184
Number of Rules/Recommendations,6946.0,34620.0
Coverage,0.07251082251082251,0.9366883116883117
