Metric,Apriori,Word2Vec
Execution Time (s),83.70138883590698,7.467653036117554
Memory Usage (MB),13467.020195960999,14.90439224243164
Number of Rules/Recommendations,7538.0,34400.0
Coverage,0.07413554633471646,0.9515905947441217
