Metric,Apriori,Word2Vec
Execution Time (s),84.36167502403259,34.521528244018555
Memory Usage (MB),13467.01921081543,61.71066188812256
Number of Unique Complementary Pairs,15525.0,177432.0
Coverage,0.07413554633471646,0.6674965421853388
