Metric,Apriori,Word2Vec
Execution Time (s),71.99556565284729,7.327760457992554
Memory Usage (MB),12746.005165100098,15.05091381072998
Number of Rules/Recommendations,6540.0,34830.0
Coverage,0.07009095773140717,0.9317817014446228
Diversity,8.482490272373541,0.09689922480620156
