Metric,Apriori,Word2Vec
Execution Time (s),249.64608073234558,26.55657720565796
Memory Usage (MB),12746.005411148071,15.04942512512207
Number of Rules/Recommendations,6540.0,34830.0
Coverage,0.07009095773140717,0.9317817014446228
Diversity,8.482490272373541,0.09684180304335344
