Metric,Apriori,Word2Vec
Execution Time (s),70.11953330039978,7.137892723083496
Memory Usage (MB),12746.00534915924,15.050415992736816
Number of Rules/Recommendations,6540.0,34830.0
Coverage,0.07009095773140717,0.9317817014446228
Diversity,8.482490272373541,0.09695664656904968
