Metric,Apriori,Word2Vec
Execution Time (s),566.6945309638977,42.54374027252197
Memory Usage (MB),12746.005316734314,15.048304557800293
Number of Rules/Recommendations,6540.0,34830.0
Coverage,0.07009095773140717,0.9317817014446228
