Metric,Apriori,Word2Vec
Execution Time (s),64.849200963974,6.634963274002075
Memory Usage (MB),13467.020338058472,14.90798568725586
Number of Unique Complementary Pairs,10012.0,34400.0
Coverage,0.07302904564315353,0.9515905947441217
