Metric,Apriori,Word2Vec
Execution Time (s),82.62131404876709,12.162525415420532
Memory Usage (MB),13467.019921302795,9.594442367553711
Number of Unique Complementary Pairs,15525.0,24130.0
Coverage,0.07413554633471646,0.6674965421853388
