Metric,Apriori,Word2Vec
Execution Time (s),29.91585922241211,4.394016742706299
Memory Usage (MB),6405.325360298157,13.322775840759277
Number of Rules/Recommendations,4450.0,30710.0
Coverage,0.08598917618761275,0.923331328923632
Diversity,6.846153846153846,0.09661348095083035
