Metric,Apriori,Word2Vec
Execution Time (s),44.56887745857239,4.098282337188721
Memory Usage (MB),6476.835738182068,13.272509574890137
Number of Rules/Recommendations,4114.0,30510.0
Coverage,0.08574062692071296,0.9376152427781193
