Metric,Apriori,Word2Vec
Execution Time (s),88.81164789199829,21.580613136291504
Memory Usage (MB),6405.3252992630005,13.325456619262695
Number of Rules/Recommendations,4450.0,30710.0
Coverage,0.08598917618761275,0.923331328923632
