Metric,Apriori,Word2Vec
Execution Time (s),98.73780941963196,4.154034376144409
Memory Usage (MB),6476.836736679077,13.273238182067871
Number of Unique Complementary Pairs,4977.0,30510.0
Coverage,0.0842040565457898,0.9376152427781193
