Metric,Apriori,Word2Vec
Execution Time (s),31.152896881103516,4.259333848953247
Memory Usage (MB),6578.254887580872,13.281124114990234
Number of Rules/Recommendations,4744.0,30610.0
Coverage,0.08859223300970874,0.9287014563106796
