Metric,Apriori,Word2Vec
Execution Time (s),28.508400440216064,4.0979392528533936
Memory Usage (MB),6405.325635910034,13.320441246032715
Number of Rules/Recommendations,4450.0,30710.0
Coverage,0.08598917618761275,0.923331328923632
