Metric,Apriori,Word2Vec
Execution Time (s),29.774742603302002,4.19719386100769
Memory Usage (MB),6405.326036453247,13.321920394897461
Number of Rules/Recommendations,4450.0,30710.0
Coverage,0.08598917618761275,0.923331328923632
Diversity,6.846153846153846,0.09697167046564636
