Metric,Apriori,Word2Vec
Execution Time (s),32.25025510787964,6.091980695724487
Memory Usage (MB),6476.835446357727,7.4553327560424805
Number of Unique Complementary Pairs,7324.0,18570.0
Coverage,0.08574062692071296,0.5706822372464659
