Metric,Apriori,Word2Vec
Execution Time (s),133.5938777923584,4.0777504444122314
Memory Usage (MB),6405.3255825042725,13.323744773864746
Number of Rules/Recommendations,4450.0,30710.0
Coverage,0.08598917618761275,0.923331328923632
Diversity,6.846153846153846,0.09677629436665582
