Metric,Apriori,Word2Vec
Execution Time (s),106.167560338974,20.24776601791382
Memory Usage (MB),18332.12413406372,11.3667631149292
Number of Unique Complementary Pairs,5124.0,28497.0
Coverage,0.06186081317036667,0.7109004739336493
