Metric,Apriori,Word2Vec
Execution Time (s),113.73922991752625,10.186236381530762
Memory Usage (MB),17748.443567276,16.713348388671875
Number of Rules/Recommendations,3004.0,38770.0
Coverage,0.057586618876941456,0.9264038231780167
