Metric,Apriori,Word2Vec
Execution Time (s),451.1071779727936,36.30658984184265
Memory Usage (MB),17748.456055641174,16.751320838928223
Number of Rules/Recommendations,3004.0,38770.0
Coverage,0.057586618876941456,0.9264038231780167
Diversity,6.155737704918033,0.09716275470724788
