Metric,Apriori,Word2Vec
Execution Time (s),131.89006423950195,44.973217248916626
Memory Usage (MB),18332.123309135437,81.57120895385742
Number of Unique Complementary Pairs,5124.0,235020.0
Coverage,0.06186081317036667,0.7109004739336493
