Metric,Apriori,Word2Vec
Execution Time (s),173.08572697639465,10.973836421966553
Memory Usage (MB),18332.124435424805,16.567325592041016
Number of Rules/Recommendations,3198.0,38250.0
Coverage,0.06186081317036667,0.9541032676477925
