Metric,Apriori,Word2Vec
Execution Time (s),111.36448836326599,10.331314325332642
Memory Usage (MB),17935.720492362976,16.65603542327881
Number of Rules/Recommendations,3230.0,38540.0
Coverage,0.061620572537603106,0.9349830179524503
