Metric,Apriori,Word2Vec
Execution Time (s),112.28774070739746,10.523474216461182
Memory Usage (MB),17748.44396877289,16.71306800842285
Number of Rules/Recommendations,3004.0,38770.0
Coverage,0.057586618876941456,0.9264038231780167
