Metric,Apriori,Word2Vec
Execution Time (s),259.8400056362152,38.635680198669434
Memory Usage (MB),18332.114700317383,16.523557662963867
Number of Unique Complementary Pairs,3014.0,38250.0
Coverage,0.05986530306809678,0.9541032676477925
