Metric,Apriori,Word2Vec
Execution Time (s),123.92833495140076,10.465101480484009
Memory Usage (MB),17748.45588207245,16.750736236572266
Number of Rules/Recommendations,3004.0,38770.0
Coverage,0.057586618876941456,0.9264038231780167
Diversity,6.155737704918033,0.0969306164560227
