Metric,Whole_Apriori,Whole_Word2Vec,First_Third_Apriori,First_Third_Word2Vec,Last_Two_Thirds_Apriori,Last_Two_Thirds_Word2Vec
Same Category %,58.80171740827479,24.020934388562676,69.42927362097214,23.119892895064865,64.22544283413849,24.628026511564993
Cross Category %,41.19828259172521,75.97906561143732,30.57072637902786,76.88010710493513,35.77455716586151,75.371973488435
