Metric,Whole_Apriori,Whole_Word2Vec,First_Third_Apriori,First_Third_Word2Vec,Last_Two_Thirds_Apriori,Last_Two_Thirds_Word2Vec
Execution Time (s),451.1071779727936,36.30658984184265,133.5938777923584,4.0777504444122314,249.64608073234558,26.55657720565796
Memory Usage (MB),17748.456055641174,16.751320838928223,6405.3255825042725,13.323744773864746,12746.005411148071,15.04942512512207
Coverage,0.057586618876941456,0.9264038231780167,0.08598917618761275,0.923331328923632,0.07009095773140717,0.9317817014446228
Diversity,6.155737704918033,0.09716275470724788,6.846153846153846,0.09677629436665582,8.482490272373541,0.09684180304335344
