Metric,Whole_Apriori,Whole_Word2Vec,First_Third_Apriori,First_Third_Word2Vec,Last_Two_Thirds_Apriori,Last_Two_Thirds_Word2Vec
Execution Time (s),173.08572697639465,10.973836421966553,44.56887745857239,4.098282337188721,83.70138883590698,7.467653036117554
Memory Usage (MB),18332.124435424805,16.567325592041016,6476.835738182068,13.272509574890137,13467.020195960999,14.90439224243164
Coverage,0.06186081317036667,0.9541032676477925,0.08574062692071296,0.9376152427781193,0.07413554633471646,0.9515905947441217
