Metric,Whole_Apriori,Whole_Word2Vec,First_Third_Apriori,First_Third_Word2Vec,Last_Two_Thirds_Apriori,Last_Two_Thirds_Word2Vec
Same Category %,54.87528344671202,46.20653866113129,61.392848796447765,43.65240117608625,60.90475502240208,43.41421143847487
Cross Category %,45.12471655328798,53.79346133886871,38.607151203552235,56.34759882391375,39.09524497759792,56.58578856152513
