Metric,Whole_Apriori,Whole_Word2Vec,First_Third_Apriori,First_Third_Word2Vec,Last_Two_Thirds_Apriori,Last_Two_Thirds_Word2Vec
Execution Time (s),113.73922991752625,10.186236381530762,28.508400440216064,4.0979392528533936,68.78194427490234,7.137617826461792
Memory Usage (MB),17748.443567276,16.713348388671875,6405.325635910034,13.320441246032715,12746.004929542542,15.050516128540039
Coverage,0.057586618876941456,0.9264038231780167,0.08598917618761275,0.923331328923632,0.07009095773140717,0.9317817014446228
