Metric,Whole_Apriori,Whole_Word2Vec,First_Third_Apriori,First_Third_Word2Vec,Last_Two_Thirds_Apriori,Last_Two_Thirds_Word2Vec
Execution Time (s),120.56233286857605,10.183433532714844,29.774742603302002,4.19719386100769,70.11953330039978,7.137892723083496
Memory Usage (MB),17748.45583629608,16.74996566772461,6405.326036453247,13.321920394897461,12746.00534915924,15.050415992736816
Coverage,0.057586618876941456,0.9264038231780167,0.08598917618761275,0.923331328923632,0.07009095773140717,0.9317817014446228
Diversity,6.155737704918033,0.09700799587309776,6.846153846153846,0.09697167046564636,8.482490272373541,0.09695664656904968
