Metric,Whole_Apriori,Whole_Word2Vec,First_Third_Apriori,First_Third_Word2Vec,Last_Two_Thirds_Apriori,Last_Two_Thirds_Word2Vec
Same Category %,58.36216839677048,46.07581699346405,68.6830835117773,43.595542445099966,64.06970784213225,43.848837209302324
Cross Category %,41.63783160322952,53.92418300653595,31.316916488222702,56.404457554900034,35.930292157867754,56.151162790697676
