Metric,Whole_Apriori,Whole_Word2Vec,First_Third_Apriori,First_Third_Word2Vec,Last_Two_Thirds_Apriori,Last_Two_Thirds_Word2Vec
Same Category %,56.34266886326195,45.84472530306938,63.03105590062111,43.331162487788994,60.792201763886744,43.28452483491243
Cross Category %,43.65733113673805,54.15527469693062,36.96894409937889,56.668837512211006,39.207798236113256,56.71547516508757
