Metric,Whole_Apriori,Whole_Word2Vec,First_Third_Apriori,First_Third_Word2Vec,Last_Two_Thirds_Apriori,Last_Two_Thirds_Word2Vec
Execution Time (s),111.36448836326599,10.331314325332642,31.152896881103516,4.259333848953247,75.68940544128418,7.171516418457031
Memory Usage (MB),17935.720492362976,16.65603542327881,6578.254887580872,13.281124114990234,12790.862233161926,14.963500022888184
Coverage,0.061620572537603106,0.9349830179524503,0.08859223300970874,0.9287014563106796,0.07251082251082251,0.9366883116883117
