Metric,Whole_Apriori,Whole_Word2Vec,First_Third_Apriori,First_Third_Word2Vec,Last_Two_Thirds_Apriori,Last_Two_Thirds_Word2Vec
Same Category %,56.34266886326195,45.942739231364456,63.03105590062111,43.288830999674374,60.792201763886744,43.35055986218777
Cross Category %,43.65733113673805,54.057260768635544,36.96894409937889,56.711169000325626,39.207798236113256,56.64944013781223
