Metric,Whole_Apriori,Whole_Word2Vec,First_Third_Apriori,First_Third_Word2Vec,Last_Two_Thirds_Apriori,Last_Two_Thirds_Word2Vec
Execution Time (s),112.28774070739746,10.523474216461182,88.81164789199829,21.580613136291504,566.6945309638977,42.54374027252197
Memory Usage (MB),17748.44396877289,16.71306800842285,6405.3252992630005,13.325456619262695,12746.005316734314,15.048304557800293
Coverage,0.057586618876941456,0.9264038231780167,0.08598917618761275,0.923331328923632,0.07009095773140717,0.9317817014446228
