Metric,Whole_Apriori,Whole_Word2Vec,First_Third_Apriori,First_Third_Word2Vec,Last_Two_Thirds_Apriori,Last_Two_Thirds_Word2Vec
Same Category %,66.68878566688787,46.169934640522875,82.29857343781394,43.71353654539495,71.6640031961646,43.82848837209302
Cross Category %,33.31121433311213,53.830065359477125,17.701426562186057,56.28646345460505,28.3359968038354,56.17151162790698
