Metric,Whole_Apriori,Whole_Word2Vec,First_Third_Apriori,First_Third_Word2Vec,Last_Two_Thirds_Apriori,Last_Two_Thirds_Word2Vec
Execution Time (s),106.167560338974,20.24776601791382,32.25025510787964,6.091980695724487,82.62131404876709,12.162525415420532
Memory Usage (MB),18332.12413406372,11.3667631149292,6476.835446357727,7.4553327560424805,13467.019921302795,9.594442367553711
Number of Complementary Pairs,5124.0,28497.0,7324.0,18570.0,15525.0,24130.0
Coverage,0.06186081317036667,0.7109004739336493,0.08574062692071296,0.5706822372464659,0.07413554633471646,0.6674965421853388
