Metric,Whole_Apriori,Whole_Word2Vec,First_Third_Apriori,First_Third_Word2Vec,Last_Two_Thirds_Apriori,Last_Two_Thirds_Word2Vec
Same Category %,56.34266886326195,45.78024245550684,63.03105590062111,43.546076196678605,60.792201763886744,43.23571633649153
Cross Category %,43.65733113673805,54.21975754449316,36.96894409937889,56.453923803321395,39.207798236113256,56.76428366350847
