Metric,Whole_Apriori,Whole_Word2Vec,First_Third_Apriori,First_Third_Word2Vec,Last_Two_Thirds_Apriori,Last_Two_Thirds_Word2Vec
Same Category %,56.34266886326195,45.81377353623936,63.03105590062111,43.38651904916965,60.792201763886744,43.19552110249785
Cross Category %,43.65733113673805,54.18622646376064,36.96894409937889,56.61348095083035,39.207798236113256,56.80447889750215
