Metric,Whole_Apriori,Whole_Word2Vec,First_Third_Apriori,First_Third_Word2Vec,Last_Two_Thirds_Apriori,Last_Two_Thirds_Word2Vec
Execution Time (s),259.8400056362152,38.635680198669434,98.73780941963196,4.154034376144409,64.849200963974,6.634963274002075
Memory Usage (MB),18332.114700317383,16.523557662963867,6476.836736679077,13.273238182067871,13467.020338058472,14.90798568725586
Number of Complementary Pairs,3014.0,38250.0,4977.0,30510.0,10012.0,34400.0
Coverage,0.05986530306809678,0.9541032676477925,0.0842040565457898,0.9376152427781193,0.07302904564315353,0.9515905947441217
