Metric,Whole_Apriori,Whole_Word2Vec,First_Third_Apriori,First_Third_Word2Vec,Last_Two_Thirds_Apriori,Last_Two_Thirds_Word2Vec
Execution Time (s),123.92833495140076,10.465101480484009,29.91585922241211,4.394016742706299,71.99556565284729,7.327760457992554
Memory Usage (MB),17748.45588207245,16.750736236572266,6405.325360298157,13.322775840759277,12746.005165100098,15.05091381072998
Coverage,0.057586618876941456,0.9264038231780167,0.08598917618761275,0.923331328923632,0.07009095773140717,0.9317817014446228
Diversity,6.155737704918033,0.0969306164560227,6.846153846153846,0.09661348095083035,8.482490272373541,0.09689922480620156
