Metric,Apriori,Word2Vec
Execution Time (s),119.28041458129883,19.441218376159668
Memory Usage (MB),17748.45668029785,16.897574424743652
Number of Rules/Recommendations,3002.0,38770.0
Coverage,0.057586618876941456,0.9264038231780167
Diversity,6.151639344262295,0.09734330668042301
Cross-Category Percentage,43.63411619283065,54.10884704668558
