Metric,Apriori,Word2Vec
Execution Time (s),113.19293475151062,10.039336204528809
Memory Usage (MB),-278.08203125,19.4296875
Number of Rules/Recommendations,3004.0,38770.0
Coverage,0.057586618876941456,0.9264038231780167
Diversity,6.155737704918033,0.09736909981944802
