Metric,Apriori,Word2Vec
Execution Time (s),153.62840294837952,11.025509357452393
Memory Usage (MB),17748.457056045532,16.751298904418945
Number of Rules/Recommendations,3004.0,38770.0
Coverage,0.057586618876941456,0.9264038231780167
Diversity,6.155737704918033,0.09729172040237297
Cross-Category Percentage,43.65733113673805,54.2610265669332
