Metric,Apriori,Word2Vec
Execution Time (s),117.49748158454895,11.332481622695923
Memory Usage (MB),17829.42557811737,16.754257202148438
Number of Rules/Recommendations,3004.0,38770.0
Coverage,0.057586618876941456,0.9264038231780167
Diversity,6.155737704918033,0.09724013412432293
